{"cameraMode":{"drawMode":0,"name":"Shaded","section":"Shading Mode"},"sceneLighting":true,"audioPlay":false,"sceneViewState":{"showFog":true,"showMaterialUpdate":false,"showSkybox":true,"showFlares":true,"showImageEffects":true,"showParticleSystems":true,"showVisualEffectGraphs":true,"m_FxEnabled":true},"in2DMode":false,"pivot":{"x":3.936030387878418,"y":0.2700008153915405,"z":3.6736745834350588},"rotation":{"x":0.16061203181743623,"y":-0.03256653994321823,"z":0.005305381491780281,"w":0.9864734411239624},"size":3.153242349624634,"orthographic":true}